id,words,fund
1,et,The et Fund
2,ultrices,The ultrices Fund
3,pellentesque viverra,The pellentesque viverra Fund
4,adipiscing elit,The adipiscing elit Fund
5,donec dapibus,The donec dapibus Fund
6,non,The non Fund
7,id sapien,The id sapien Fund
8,purus phasellus,The purus phasellus Fund
9,in,The in Fund
10,in,The in Fund
11,elit,The elit Fund
12,pretium nisl,The pretium nisl Fund
13,a,The a Fund
14,integer aliquet,The integer aliquet Fund
15,magna,The magna Fund
16,consequat,The consequat Fund
17,dapibus,The dapibus Fund
18,ipsum,The ipsum Fund
19,sit,The sit Fund
20,et,The et Fund
21,nulla,The nulla Fund
22,nullam,The nullam Fund
23,proin eu,The proin eu Fund
24,erat,The erat Fund
25,eget,The eget Fund
26,eleifend pede,The eleifend pede Fund
27,felis eu,The felis eu Fund
28,tempus sit,The tempus sit Fund
29,lobortis sapien,The lobortis sapien Fund
30,augue quam,The augue quam Fund
31,orci nullam,The orci nullam Fund
32,parturient,The parturient Fund
33,curabitur convallis,The curabitur convallis Fund
34,sit,The sit Fund
35,semper,The semper Fund
36,ut,The ut Fund
37,velit,The velit Fund
38,nulla integer,The nulla integer Fund
39,consequat lectus,The consequat lectus Fund
40,hac habitasse,The hac habitasse Fund
41,sit,The sit Fund
42,nam,The nam Fund
43,id,The id Fund
44,quam sollicitudin,The quam sollicitudin Fund
45,est phasellus,The est phasellus Fund
46,in,The in Fund
47,lacus at,The lacus at Fund
48,dui nec,The dui nec Fund
49,sociis,The sociis Fund
50,ut at,The ut at Fund
51,ipsum,The ipsum Fund
52,quis turpis,The quis turpis Fund
53,cubilia,The cubilia Fund
54,dolor,The dolor Fund
55,massa,The massa Fund
56,ut massa,The ut massa Fund
57,auctor sed,The auctor sed Fund
58,nec,The nec Fund
59,pretium iaculis,The pretium iaculis Fund
60,in,The in Fund
61,proin at,The proin at Fund
62,elit proin,The elit proin Fund
63,in,The in Fund
64,augue a,The augue a Fund
65,at nibh,The at nibh Fund
66,integer aliquet,The integer aliquet Fund
67,justo,The justo Fund
68,odio,The odio Fund
69,felis,The felis Fund
70,ut dolor,The ut dolor Fund
71,convallis,The convallis Fund
72,augue,The augue Fund
73,vel,The vel Fund
74,et magnis,The et magnis Fund
75,nulla,The nulla Fund
76,risus,The risus Fund
77,sed accumsan,The sed accumsan Fund
78,donec odio,The donec odio Fund
79,porttitor,The porttitor Fund
80,magnis dis,The magnis dis Fund
81,in tempor,The in tempor Fund
82,odio,The odio Fund
83,non,The non Fund
84,nibh in,The nibh in Fund
85,felis,The felis Fund
86,sagittis sapien,The sagittis sapien Fund
87,donec ut,The donec ut Fund
88,faucibus orci,The faucibus orci Fund
89,in,The in Fund
90,convallis,The convallis Fund
91,enim,The enim Fund
92,vel dapibus,The vel dapibus Fund
93,vestibulum,The vestibulum Fund
94,imperdiet,The imperdiet Fund
95,vestibulum,The vestibulum Fund
96,vulputate,The vulputate Fund
97,venenatis,The venenatis Fund
98,sodales scelerisque,The sodales scelerisque Fund
99,interdum,The interdum Fund
100,iaculis diam,The iaculis diam Fund
101,mauris enim,The mauris enim Fund
102,donec ut,The donec ut Fund
103,praesent,The praesent Fund
104,tempus semper,The tempus semper Fund
105,pede ac,The pede ac Fund
106,nisl nunc,The nisl nunc Fund
107,posuere cubilia,The posuere cubilia Fund
108,nisi,The nisi Fund
109,porta,The porta Fund
110,donec,The donec Fund
111,ullamcorper,The ullamcorper Fund
112,quis,The quis Fund
113,nulla,The nulla Fund
114,vestibulum,The vestibulum Fund
115,dapibus augue,The dapibus augue Fund
116,orci,The orci Fund
117,nec sem,The nec sem Fund
118,sit amet,The sit amet Fund
119,sapien,The sapien Fund
120,amet diam,The amet diam Fund
121,gravida sem,The gravida sem Fund
122,duis consequat,The duis consequat Fund
123,ac,The ac Fund
124,in hac,The in hac Fund
125,lectus,The lectus Fund
126,dapibus nulla,The dapibus nulla Fund
127,eget semper,The eget semper Fund
128,sed nisl,The sed nisl Fund
129,luctus,The luctus Fund
130,lacinia sapien,The lacinia sapien Fund
131,accumsan felis,The accumsan felis Fund
132,pede,The pede Fund
133,ut,The ut Fund
134,lorem id,The lorem id Fund
135,ultrices,The ultrices Fund
136,dui proin,The dui proin Fund
137,vivamus,The vivamus Fund
138,hac,The hac Fund
139,vestibulum,The vestibulum Fund
140,congue etiam,The congue etiam Fund
141,id sapien,The id sapien Fund
142,elit proin,The elit proin Fund
143,montes nascetur,The montes nascetur Fund
144,sed tincidunt,The sed tincidunt Fund
145,nunc,The nunc Fund
146,maecenas leo,The maecenas leo Fund
147,vehicula consequat,The vehicula consequat Fund
148,sit amet,The sit amet Fund
149,molestie lorem,The molestie lorem Fund
150,in,The in Fund
151,enim,The enim Fund
152,cras mi,The cras mi Fund
153,tristique,The tristique Fund
154,turpis enim,The turpis enim Fund
155,semper porta,The semper porta Fund
156,nullam sit,The nullam sit Fund
157,nisl duis,The nisl duis Fund
158,vel,The vel Fund
159,integer,The integer Fund
160,id massa,The id massa Fund
161,erat tortor,The erat tortor Fund
162,tincidunt,The tincidunt Fund
163,proin eu,The proin eu Fund
164,donec,The donec Fund
165,in eleifend,The in eleifend Fund
166,vehicula condimentum,The vehicula condimentum Fund
167,integer,The integer Fund
168,vestibulum vestibulum,The vestibulum vestibulum Fund
169,congue elementum,The congue elementum Fund
170,sollicitudin,The sollicitudin Fund
171,aliquet maecenas,The aliquet maecenas Fund
172,aenean,The aenean Fund
173,nibh,The nibh Fund
174,donec semper,The donec semper Fund
175,pellentesque,The pellentesque Fund
176,sed,The sed Fund
177,pellentesque,The pellentesque Fund
178,urna,The urna Fund
179,dui,The dui Fund
180,nulla suscipit,The nulla suscipit Fund
181,elementum,The elementum Fund
182,elementum nullam,The elementum nullam Fund
183,rhoncus mauris,The rhoncus mauris Fund
184,nibh ligula,The nibh ligula Fund
185,orci luctus,The orci luctus Fund
186,in congue,The in congue Fund
187,ipsum,The ipsum Fund
188,etiam vel,The etiam vel Fund
189,eget,The eget Fund
190,mattis,The mattis Fund
191,dui,The dui Fund
192,enim,The enim Fund
193,mattis pulvinar,The mattis pulvinar Fund
194,vestibulum quam,The vestibulum quam Fund
195,metus,The metus Fund
196,pede,The pede Fund
197,nunc donec,The nunc donec Fund
198,nisi,The nisi Fund
199,non,The non Fund
200,vestibulum,The vestibulum Fund
201,tristique in,The tristique in Fund
202,consequat,The consequat Fund
203,integer non,The integer non Fund
204,cubilia curae,The cubilia curae Fund
205,hac,The hac Fund
206,commodo,The commodo Fund
207,eget congue,The eget congue Fund
208,nulla,The nulla Fund
209,pede,The pede Fund
210,enim,The enim Fund
211,dignissim,The dignissim Fund
212,erat,The erat Fund
213,tortor id,The tortor id Fund
214,vel,The vel Fund
215,adipiscing molestie,The adipiscing molestie Fund
216,libero ut,The libero ut Fund
217,lorem,The lorem Fund
218,dis,The dis Fund
219,lorem,The lorem Fund
220,sagittis dui,The sagittis dui Fund
221,orci,The orci Fund
222,rhoncus,The rhoncus Fund
223,sem sed,The sem sed Fund
224,at vulputate,The at vulputate Fund
225,convallis eget,The convallis eget Fund
226,ipsum aliquam,The ipsum aliquam Fund
227,tempus vel,The tempus vel Fund
228,pede,The pede Fund
229,ut,The ut Fund
230,quisque ut,The quisque ut Fund
231,aliquam,The aliquam Fund
232,elementum,The elementum Fund
233,faucibus accumsan,The faucibus accumsan Fund
234,euismod,The euismod Fund
235,dictumst maecenas,The dictumst maecenas Fund
236,commodo vulputate,The commodo vulputate Fund
237,ut mauris,The ut mauris Fund
238,in sagittis,The in sagittis Fund
239,maecenas,The maecenas Fund
240,enim in,The enim in Fund
241,donec,The donec Fund
242,neque libero,The neque libero Fund
243,pharetra magna,The pharetra magna Fund
244,ipsum primis,The ipsum primis Fund
245,faucibus orci,The faucibus orci Fund
246,amet,The amet Fund
247,nunc,The nunc Fund
248,iaculis,The iaculis Fund
249,adipiscing molestie,The adipiscing molestie Fund
250,ipsum,The ipsum Fund
251,id massa,The id massa Fund
252,accumsan tellus,The accumsan tellus Fund
253,donec,The donec Fund
254,nam congue,The nam congue Fund
255,cras mi,The cras mi Fund
256,quam pharetra,The quam pharetra Fund
257,porta,The porta Fund
258,pellentesque,The pellentesque Fund
259,ultricies eu,The ultricies eu Fund
260,mattis egestas,The mattis egestas Fund
261,nonummy integer,The nonummy integer Fund
262,pede,The pede Fund
263,vestibulum ante,The vestibulum ante Fund
264,tincidunt,The tincidunt Fund
265,integer aliquet,The integer aliquet Fund
266,vehicula condimentum,The vehicula condimentum Fund
267,pellentesque eget,The pellentesque eget Fund
268,nascetur,The nascetur Fund
269,ligula sit,The ligula sit Fund
270,donec,The donec Fund
271,nisl duis,The nisl duis Fund
272,non,The non Fund
273,odio odio,The odio odio Fund
274,ante,The ante Fund
275,turpis sed,The turpis sed Fund
276,tellus nulla,The tellus nulla Fund
277,maecenas rhoncus,The maecenas rhoncus Fund
278,id,The id Fund
279,cursus vestibulum,The cursus vestibulum Fund
280,volutpat,The volutpat Fund
281,quis,The quis Fund
282,vehicula,The vehicula Fund
283,maecenas tincidunt,The maecenas tincidunt Fund
284,justo,The justo Fund
285,volutpat,The volutpat Fund
286,lacinia,The lacinia Fund
287,at turpis,The at turpis Fund
288,pharetra magna,The pharetra magna Fund
289,tincidunt,The tincidunt Fund
290,aliquam,The aliquam Fund
291,in,The in Fund
292,maecenas,The maecenas Fund
293,convallis,The convallis Fund
294,pretium iaculis,The pretium iaculis Fund
295,augue aliquam,The augue aliquam Fund
296,nisl aenean,The nisl aenean Fund
297,non,The non Fund
298,amet,The amet Fund
299,pretium,The pretium Fund
300,libero nam,The libero nam Fund
301,ultrices posuere,The ultrices posuere Fund
302,quis,The quis Fund
303,aliquam erat,The aliquam erat Fund
304,vitae,The vitae Fund
305,luctus,The luctus Fund
306,eros elementum,The eros elementum Fund
307,morbi,The morbi Fund
308,ac,The ac Fund
309,nulla suspendisse,The nulla suspendisse Fund
310,consectetuer,The consectetuer Fund
311,ante ipsum,The ante ipsum Fund
312,porttitor,The porttitor Fund
313,vitae quam,The vitae quam Fund
314,vestibulum,The vestibulum Fund
315,eu mi,The eu mi Fund
316,dui proin,The dui proin Fund
317,metus aenean,The metus aenean Fund
318,eu tincidunt,The eu tincidunt Fund
319,integer,The integer Fund
320,quam suspendisse,The quam suspendisse Fund
321,luctus,The luctus Fund
322,tristique est,The tristique est Fund
323,libero nam,The libero nam Fund
324,porttitor lorem,The porttitor lorem Fund
325,tortor,The tortor Fund
326,vestibulum,The vestibulum Fund
327,pede,The pede Fund
328,eget,The eget Fund
329,quisque,The quisque Fund
330,ac enim,The ac enim Fund
331,sapien,The sapien Fund
332,suspendisse accumsan,The suspendisse accumsan Fund
333,in hac,The in hac Fund
334,nisl,The nisl Fund
335,id sapien,The id sapien Fund
336,mattis pulvinar,The mattis pulvinar Fund
337,in,The in Fund
338,purus,The purus Fund
339,eget tempus,The eget tempus Fund
340,id mauris,The id mauris Fund
341,nunc,The nunc Fund
342,lectus,The lectus Fund
343,proin,The proin Fund
344,tincidunt,The tincidunt Fund
345,in,The in Fund
346,erat,The erat Fund
347,vitae nisi,The vitae nisi Fund
348,justo sit,The justo sit Fund
349,nulla,The nulla Fund
350,in,The in Fund
351,fringilla rhoncus,The fringilla rhoncus Fund
352,aliquet,The aliquet Fund
353,odio in,The odio in Fund
354,rhoncus,The rhoncus Fund
355,nisl duis,The nisl duis Fund
356,duis bibendum,The duis bibendum Fund
357,nec,The nec Fund
358,erat curabitur,The erat curabitur Fund
359,porta,The porta Fund
360,phasellus in,The phasellus in Fund
361,erat,The erat Fund
362,nulla,The nulla Fund
363,amet turpis,The amet turpis Fund
364,in quis,The in quis Fund
365,laoreet ut,The laoreet ut Fund
366,curae mauris,The curae mauris Fund
367,ridiculus mus,The ridiculus mus Fund
368,nam,The nam Fund
369,maecenas tristique,The maecenas tristique Fund
370,ac,The ac Fund
371,ultrices,The ultrices Fund
372,lorem quisque,The lorem quisque Fund
373,dapibus nulla,The dapibus nulla Fund
374,in,The in Fund
375,potenti,The potenti Fund
376,nulla tempus,The nulla tempus Fund
377,nonummy,The nonummy Fund
378,magna vestibulum,The magna vestibulum Fund
379,morbi,The morbi Fund
380,sapien,The sapien Fund
381,bibendum,The bibendum Fund
382,facilisi,The facilisi Fund
383,neque,The neque Fund
384,augue vestibulum,The augue vestibulum Fund
385,parturient,The parturient Fund
386,egestas metus,The egestas metus Fund
387,aliquet pulvinar,The aliquet pulvinar Fund
388,orci mauris,The orci mauris Fund
389,curae mauris,The curae mauris Fund
390,vestibulum ac,The vestibulum ac Fund
391,enim,The enim Fund
392,proin interdum,The proin interdum Fund
393,viverra,The viverra Fund
394,morbi vestibulum,The morbi vestibulum Fund
395,vel,The vel Fund
396,eu felis,The eu felis Fund
397,aliquam,The aliquam Fund
398,enim,The enim Fund
399,cubilia curae,The cubilia curae Fund
400,penatibus et,The penatibus et Fund
401,at vulputate,The at vulputate Fund
402,sed tincidunt,The sed tincidunt Fund
403,sapien,The sapien Fund
404,diam,The diam Fund
405,viverra pede,The viverra pede Fund
406,sagittis dui,The sagittis dui Fund
407,ipsum,The ipsum Fund
408,habitasse platea,The habitasse platea Fund
409,donec,The donec Fund
410,eu,The eu Fund
411,consequat lectus,The consequat lectus Fund
412,dapibus,The dapibus Fund
413,magnis,The magnis Fund
414,cursus,The cursus Fund
415,vestibulum ante,The vestibulum ante Fund
416,in eleifend,The in eleifend Fund
417,nibh in,The nibh in Fund
418,lacinia,The lacinia Fund
419,velit eu,The velit eu Fund
420,in hac,The in hac Fund
421,nulla,The nulla Fund
422,dis,The dis Fund
423,molestie nibh,The molestie nibh Fund
424,nisl,The nisl Fund
425,justo nec,The justo nec Fund
426,ligula nec,The ligula nec Fund
427,vitae nisl,The vitae nisl Fund
428,pede justo,The pede justo Fund
429,nunc viverra,The nunc viverra Fund
430,morbi,The morbi Fund
431,dictumst,The dictumst Fund
432,turpis enim,The turpis enim Fund
433,cum,The cum Fund
434,in hac,The in hac Fund
435,massa volutpat,The massa volutpat Fund
436,nulla,The nulla Fund
437,orci,The orci Fund
438,sit,The sit Fund
439,quam nec,The quam nec Fund
440,augue vestibulum,The augue vestibulum Fund
441,nibh in,The nibh in Fund
442,pede ullamcorper,The pede ullamcorper Fund
443,vulputate justo,The vulputate justo Fund
444,sem,The sem Fund
445,curae,The curae Fund
446,est risus,The est risus Fund
447,luctus nec,The luctus nec Fund
448,quisque id,The quisque id Fund
449,accumsan felis,The accumsan felis Fund
450,volutpat,The volutpat Fund
451,lacinia nisi,The lacinia nisi Fund
452,in faucibus,The in faucibus Fund
453,fermentum,The fermentum Fund
454,libero,The libero Fund
455,amet,The amet Fund
456,vel enim,The vel enim Fund
457,eleifend,The eleifend Fund
458,enim,The enim Fund
459,convallis eget,The convallis eget Fund
460,amet,The amet Fund
461,mattis,The mattis Fund
462,pellentesque eget,The pellentesque eget Fund
463,duis,The duis Fund
464,duis ac,The duis ac Fund
465,nulla dapibus,The nulla dapibus Fund
466,ac,The ac Fund
467,iaculis,The iaculis Fund
468,lectus in,The lectus in Fund
469,vulputate nonummy,The vulputate nonummy Fund
470,duis,The duis Fund
471,nam congue,The nam congue Fund
472,primis in,The primis in Fund
473,ac,The ac Fund
474,dapibus at,The dapibus at Fund
475,suspendisse potenti,The suspendisse potenti Fund
476,vestibulum,The vestibulum Fund
477,maecenas,The maecenas Fund
478,feugiat,The feugiat Fund
479,nulla,The nulla Fund
480,bibendum,The bibendum Fund
481,sapien varius,The sapien varius Fund
482,tincidunt eu,The tincidunt eu Fund
483,etiam,The etiam Fund
484,fermentum,The fermentum Fund
485,lectus,The lectus Fund
486,rhoncus,The rhoncus Fund
487,donec,The donec Fund
488,arcu libero,The arcu libero Fund
489,massa,The massa Fund
490,proin eu,The proin eu Fund
491,consequat,The consequat Fund
492,ut,The ut Fund
493,pede morbi,The pede morbi Fund
494,justo nec,The justo nec Fund
495,nullam,The nullam Fund
496,diam,The diam Fund
497,ac lobortis,The ac lobortis Fund
498,ac,The ac Fund
499,ipsum integer,The ipsum integer Fund
500,libero ut,The libero ut Fund
501,in congue,The in congue Fund
502,consequat metus,The consequat metus Fund
503,cubilia,The cubilia Fund
504,mus,The mus Fund
505,vel,The vel Fund
506,faucibus,The faucibus Fund
507,amet nulla,The amet nulla Fund
508,dolor sit,The dolor sit Fund
509,id sapien,The id sapien Fund
510,magnis,The magnis Fund
511,adipiscing lorem,The adipiscing lorem Fund
512,mattis odio,The mattis odio Fund
513,varius,The varius Fund
514,rhoncus dui,The rhoncus dui Fund
515,potenti cras,The potenti cras Fund
516,suscipit nulla,The suscipit nulla Fund
517,lorem,The lorem Fund
518,lectus,The lectus Fund
519,primis,The primis Fund
520,diam,The diam Fund
521,at nulla,The at nulla Fund
522,erat,The erat Fund
523,vulputate,The vulputate Fund
524,consequat,The consequat Fund
525,pharetra magna,The pharetra magna Fund
526,ante,The ante Fund
527,posuere,The posuere Fund
528,erat tortor,The erat tortor Fund
529,lectus,The lectus Fund
530,blandit mi,The blandit mi Fund
531,odio,The odio Fund
532,sapien quis,The sapien quis Fund
533,blandit nam,The blandit nam Fund
534,magna,The magna Fund
535,nisi at,The nisi at Fund
536,volutpat,The volutpat Fund
537,nisl,The nisl Fund
538,sapien,The sapien Fund
539,proin risus,The proin risus Fund
540,in,The in Fund
541,sit,The sit Fund
542,purus,The purus Fund
543,varius integer,The varius integer Fund
544,accumsan tortor,The accumsan tortor Fund
545,hac,The hac Fund
546,sed ante,The sed ante Fund
547,ipsum,The ipsum Fund
548,vulputate,The vulputate Fund
549,ac leo,The ac leo Fund
550,a,The a Fund
551,dictumst,The dictumst Fund
552,arcu,The arcu Fund
553,non,The non Fund
554,a ipsum,The a ipsum Fund
555,sem,The sem Fund
556,varius,The varius Fund
557,dictumst morbi,The dictumst morbi Fund
558,mi,The mi Fund
559,sapien,The sapien Fund
560,elit,The elit Fund
561,fermentum,The fermentum Fund
562,vestibulum,The vestibulum Fund
563,nullam sit,The nullam sit Fund
564,duis,The duis Fund
565,vel enim,The vel enim Fund
566,ultrices posuere,The ultrices posuere Fund
567,lacus,The lacus Fund
568,eleifend,The eleifend Fund
569,ut tellus,The ut tellus Fund
570,ac diam,The ac diam Fund
571,eu est,The eu est Fund
572,sodales,The sodales Fund
573,orci luctus,The orci luctus Fund
574,nisi eu,The nisi eu Fund
575,id ligula,The id ligula Fund
576,quis turpis,The quis turpis Fund
577,lorem id,The lorem id Fund
578,ut,The ut Fund
579,metus,The metus Fund
580,vitae consectetuer,The vitae consectetuer Fund
581,sit amet,The sit amet Fund
582,vestibulum ante,The vestibulum ante Fund
583,justo,The justo Fund
584,porttitor lorem,The porttitor lorem Fund
585,vel,The vel Fund
586,quis,The quis Fund
587,platea dictumst,The platea dictumst Fund
588,volutpat dui,The volutpat dui Fund
589,quis augue,The quis augue Fund
590,aenean,The aenean Fund
591,diam nam,The diam nam Fund
592,iaculis diam,The iaculis diam Fund
593,convallis,The convallis Fund
594,quam sapien,The quam sapien Fund
595,in blandit,The in blandit Fund
596,dictumst,The dictumst Fund
597,nulla sed,The nulla sed Fund
598,velit,The velit Fund
599,sed vel,The sed vel Fund
600,fermentum,The fermentum Fund
601,porta,The porta Fund
602,tincidunt,The tincidunt Fund
603,eget tincidunt,The eget tincidunt Fund
604,ut tellus,The ut tellus Fund
605,metus sapien,The metus sapien Fund
606,lobortis est,The lobortis est Fund
607,dui nec,The dui nec Fund
608,ut massa,The ut massa Fund
609,bibendum felis,The bibendum felis Fund
610,accumsan tellus,The accumsan tellus Fund
611,sapien,The sapien Fund
612,pellentesque,The pellentesque Fund
613,varius,The varius Fund
614,neque,The neque Fund
615,orci,The orci Fund
616,luctus tincidunt,The luctus tincidunt Fund
617,faucibus orci,The faucibus orci Fund
618,est,The est Fund
619,maecenas tincidunt,The maecenas tincidunt Fund
620,rhoncus sed,The rhoncus sed Fund
621,enim lorem,The enim lorem Fund
622,penatibus,The penatibus Fund
623,in leo,The in leo Fund
624,natoque penatibus,The natoque penatibus Fund
625,in,The in Fund
626,convallis,The convallis Fund
627,nibh,The nibh Fund
628,ligula,The ligula Fund
629,a feugiat,The a feugiat Fund
630,rutrum nulla,The rutrum nulla Fund
631,quis turpis,The quis turpis Fund
632,sem praesent,The sem praesent Fund
633,at,The at Fund
634,erat,The erat Fund
635,ante,The ante Fund
636,augue,The augue Fund
637,dui,The dui Fund
638,velit,The velit Fund
639,vulputate vitae,The vulputate vitae Fund
640,suscipit nulla,The suscipit nulla Fund
641,sit,The sit Fund
642,justo aliquam,The justo aliquam Fund
643,amet lobortis,The amet lobortis Fund
644,orci,The orci Fund
645,et,The et Fund
646,vestibulum sed,The vestibulum sed Fund
647,erat,The erat Fund
648,nulla suspendisse,The nulla suspendisse Fund
649,in faucibus,The in faucibus Fund
650,scelerisque quam,The scelerisque quam Fund
651,mi nulla,The mi nulla Fund
652,fermentum donec,The fermentum donec Fund
653,nibh ligula,The nibh ligula Fund
654,erat,The erat Fund
655,congue,The congue Fund
656,placerat,The placerat Fund
657,leo odio,The leo odio Fund
658,urna pretium,The urna pretium Fund
659,id,The id Fund
660,curabitur,The curabitur Fund
661,mus,The mus Fund
662,maecenas,The maecenas Fund
663,elementum,The elementum Fund
664,rutrum nulla,The rutrum nulla Fund
665,rhoncus,The rhoncus Fund
666,mauris,The mauris Fund
667,nunc rhoncus,The nunc rhoncus Fund
668,quis,The quis Fund
669,ipsum,The ipsum Fund
670,duis ac,The duis ac Fund
671,curabitur,The curabitur Fund
672,eget vulputate,The eget vulputate Fund
673,sapien,The sapien Fund
674,feugiat non,The feugiat non Fund
675,diam neque,The diam neque Fund
676,in eleifend,The in eleifend Fund
677,non,The non Fund
678,ipsum integer,The ipsum integer Fund
679,id sapien,The id sapien Fund
680,cras,The cras Fund
681,posuere,The posuere Fund
682,leo,The leo Fund
683,nec,The nec Fund
684,sapien,The sapien Fund
685,nullam,The nullam Fund
686,vulputate vitae,The vulputate vitae Fund
687,sagittis,The sagittis Fund
688,malesuada,The malesuada Fund
689,est,The est Fund
690,sem,The sem Fund
691,odio justo,The odio justo Fund
692,ligula pellentesque,The ligula pellentesque Fund
693,nulla,The nulla Fund
694,quis,The quis Fund
695,nunc,The nunc Fund
696,rutrum ac,The rutrum ac Fund
697,lectus suspendisse,The lectus suspendisse Fund
698,vitae,The vitae Fund
699,justo,The justo Fund
700,ut suscipit,The ut suscipit Fund
701,cras,The cras Fund
702,nascetur,The nascetur Fund
703,mauris,The mauris Fund
704,magnis,The magnis Fund
705,nunc donec,The nunc donec Fund
706,vestibulum,The vestibulum Fund
707,lobortis convallis,The lobortis convallis Fund
708,penatibus et,The penatibus et Fund
709,nam,The nam Fund
710,semper,The semper Fund
711,praesent blandit,The praesent blandit Fund
712,at nunc,The at nunc Fund
713,volutpat in,The volutpat in Fund
714,dictumst,The dictumst Fund
715,at lorem,The at lorem Fund
716,sapien,The sapien Fund
717,tincidunt,The tincidunt Fund
718,orci nullam,The orci nullam Fund
719,nisl venenatis,The nisl venenatis Fund
720,lobortis,The lobortis Fund
721,eget semper,The eget semper Fund
722,quam,The quam Fund
723,diam cras,The diam cras Fund
724,blandit ultrices,The blandit ultrices Fund
725,eu massa,The eu massa Fund
726,neque libero,The neque libero Fund
727,orci,The orci Fund
728,est donec,The est donec Fund
729,volutpat convallis,The volutpat convallis Fund
730,eu sapien,The eu sapien Fund
731,justo,The justo Fund
732,turpis elementum,The turpis elementum Fund
733,commodo,The commodo Fund
734,risus,The risus Fund
735,rutrum ac,The rutrum ac Fund
736,mauris sit,The mauris sit Fund
737,pede,The pede Fund
738,maecenas,The maecenas Fund
739,accumsan odio,The accumsan odio Fund
740,nulla,The nulla Fund
741,dapibus,The dapibus Fund
742,penatibus et,The penatibus et Fund
743,eleifend,The eleifend Fund
744,non,The non Fund
745,ligula nec,The ligula nec Fund
746,fusce lacus,The fusce lacus Fund
747,purus,The purus Fund
748,sed interdum,The sed interdum Fund
749,neque libero,The neque libero Fund
750,lectus,The lectus Fund
751,aliquet,The aliquet Fund
752,duis mattis,The duis mattis Fund
753,eget semper,The eget semper Fund
754,lacus at,The lacus at Fund
755,mauris lacinia,The mauris lacinia Fund
756,hac,The hac Fund
757,purus,The purus Fund
758,et,The et Fund
759,est phasellus,The est phasellus Fund
760,volutpat eleifend,The volutpat eleifend Fund
761,pede,The pede Fund
762,sit,The sit Fund
763,vel,The vel Fund
764,lobortis,The lobortis Fund
765,sit,The sit Fund
766,aliquam erat,The aliquam erat Fund
767,at,The at Fund
768,nam,The nam Fund
769,etiam,The etiam Fund
770,morbi vestibulum,The morbi vestibulum Fund
771,integer,The integer Fund
772,mauris,The mauris Fund
773,dui luctus,The dui luctus Fund
774,amet erat,The amet erat Fund
775,cubilia,The cubilia Fund
776,suspendisse accumsan,The suspendisse accumsan Fund
777,sem,The sem Fund
778,eros,The eros Fund
779,eleifend,The eleifend Fund
780,nisi volutpat,The nisi volutpat Fund
781,odio,The odio Fund
782,dapibus,The dapibus Fund
783,vel,The vel Fund
784,posuere,The posuere Fund
785,at nulla,The at nulla Fund
786,mauris ullamcorper,The mauris ullamcorper Fund
787,ut mauris,The ut mauris Fund
788,pede libero,The pede libero Fund
789,aenean fermentum,The aenean fermentum Fund
790,amet nulla,The amet nulla Fund
791,ligula vehicula,The ligula vehicula Fund
792,mauris enim,The mauris enim Fund
793,vitae,The vitae Fund
794,sed,The sed Fund
795,risus,The risus Fund
796,ac,The ac Fund
797,condimentum neque,The condimentum neque Fund
798,id,The id Fund
799,consequat,The consequat Fund
800,id,The id Fund
801,nibh,The nibh Fund
802,leo maecenas,The leo maecenas Fund
803,viverra eget,The viverra eget Fund
804,dui,The dui Fund
805,dapibus duis,The dapibus duis Fund
806,at,The at Fund
807,morbi,The morbi Fund
808,purus,The purus Fund
809,lectus vestibulum,The lectus vestibulum Fund
810,mattis,The mattis Fund
811,at,The at Fund
812,natoque,The natoque Fund
813,molestie nibh,The molestie nibh Fund
814,molestie sed,The molestie sed Fund
815,justo in,The justo in Fund
816,quam,The quam Fund
817,in faucibus,The in faucibus Fund
818,curabitur gravida,The curabitur gravida Fund
819,diam,The diam Fund
820,duis mattis,The duis mattis Fund
821,ultrices,The ultrices Fund
822,rutrum nulla,The rutrum nulla Fund
823,natoque penatibus,The natoque penatibus Fund
824,praesent blandit,The praesent blandit Fund
825,non,The non Fund
826,fusce consequat,The fusce consequat Fund
827,metus aenean,The metus aenean Fund
828,penatibus,The penatibus Fund
829,in,The in Fund
830,fusce,The fusce Fund
831,lobortis,The lobortis Fund
832,curabitur in,The curabitur in Fund
833,sapien,The sapien Fund
834,quam,The quam Fund
835,in hac,The in hac Fund
836,in,The in Fund
837,faucibus,The faucibus Fund
838,massa,The massa Fund
839,sit,The sit Fund
840,augue aliquam,The augue aliquam Fund
841,placerat,The placerat Fund
842,orci pede,The orci pede Fund
843,sapien ut,The sapien ut Fund
844,quis turpis,The quis turpis Fund
845,sapien,The sapien Fund
846,vel,The vel Fund
847,nunc viverra,The nunc viverra Fund
848,mattis nibh,The mattis nibh Fund
849,penatibus,The penatibus Fund
850,consequat varius,The consequat varius Fund
851,proin,The proin Fund
852,eget,The eget Fund
853,gravida,The gravida Fund
854,maecenas pulvinar,The maecenas pulvinar Fund
855,vitae ipsum,The vitae ipsum Fund
856,semper rutrum,The semper rutrum Fund
857,quam turpis,The quam turpis Fund
858,ipsum primis,The ipsum primis Fund
859,suscipit a,The suscipit a Fund
860,molestie nibh,The molestie nibh Fund
861,facilisi,The facilisi Fund
862,amet consectetuer,The amet consectetuer Fund
863,vestibulum ac,The vestibulum ac Fund
864,donec quis,The donec quis Fund
865,accumsan tellus,The accumsan tellus Fund
866,vestibulum,The vestibulum Fund
867,in consequat,The in consequat Fund
868,mattis egestas,The mattis egestas Fund
869,congue,The congue Fund
870,quam pharetra,The quam pharetra Fund
871,semper,The semper Fund
872,justo,The justo Fund
873,id mauris,The id mauris Fund
874,interdum mauris,The interdum mauris Fund
875,in,The in Fund
876,quis odio,The quis odio Fund
877,pede posuere,The pede posuere Fund
878,vel sem,The vel sem Fund
879,sed,The sed Fund
880,pede,The pede Fund
881,ut tellus,The ut tellus Fund
882,amet erat,The amet erat Fund
883,sit,The sit Fund
884,tortor eu,The tortor eu Fund
885,amet,The amet Fund
886,nunc proin,The nunc proin Fund
887,volutpat eleifend,The volutpat eleifend Fund
888,dignissim,The dignissim Fund
889,metus,The metus Fund
890,pede justo,The pede justo Fund
891,volutpat,The volutpat Fund
892,quis,The quis Fund
893,tellus,The tellus Fund
894,nunc rhoncus,The nunc rhoncus Fund
895,volutpat,The volutpat Fund
896,amet,The amet Fund
897,non velit,The non velit Fund
898,magnis dis,The magnis dis Fund
899,iaculis,The iaculis Fund
900,ultrices posuere,The ultrices posuere Fund
901,euismod scelerisque,The euismod scelerisque Fund
902,consequat metus,The consequat metus Fund
903,metus,The metus Fund
904,vel,The vel Fund
905,in,The in Fund
906,sodales,The sodales Fund
907,nulla nisl,The nulla nisl Fund
908,integer aliquet,The integer aliquet Fund
909,tincidunt,The tincidunt Fund
910,vestibulum sed,The vestibulum sed Fund
911,non,The non Fund
912,quis,The quis Fund
913,nibh quisque,The nibh quisque Fund
914,venenatis,The venenatis Fund
915,eu felis,The eu felis Fund
916,ut,The ut Fund
917,diam neque,The diam neque Fund
918,felis,The felis Fund
919,sit amet,The sit amet Fund
920,rutrum rutrum,The rutrum rutrum Fund
921,sit amet,The sit amet Fund
922,est congue,The est congue Fund
923,quam a,The quam a Fund
924,semper,The semper Fund
925,luctus tincidunt,The luctus tincidunt Fund
926,sodales sed,The sodales sed Fund
927,risus praesent,The risus praesent Fund
928,nec,The nec Fund
929,sapien,The sapien Fund
930,scelerisque,The scelerisque Fund
931,purus sit,The purus sit Fund
932,metus arcu,The metus arcu Fund
933,vestibulum,The vestibulum Fund
934,purus aliquet,The purus aliquet Fund
935,nulla,The nulla Fund
936,vel pede,The vel pede Fund
937,eu,The eu Fund
938,mattis,The mattis Fund
939,odio,The odio Fund
940,neque,The neque Fund
941,etiam vel,The etiam vel Fund
942,sit,The sit Fund
943,nisl aenean,The nisl aenean Fund
944,lorem,The lorem Fund
945,nibh in,The nibh in Fund
946,pretium iaculis,The pretium iaculis Fund
947,faucibus,The faucibus Fund
948,ullamcorper augue,The ullamcorper augue Fund
949,fringilla rhoncus,The fringilla rhoncus Fund
950,turpis adipiscing,The turpis adipiscing Fund
951,vel,The vel Fund
952,erat volutpat,The erat volutpat Fund
953,turpis nec,The turpis nec Fund
954,consectetuer eget,The consectetuer eget Fund
955,placerat praesent,The placerat praesent Fund
956,dictumst,The dictumst Fund
957,montes nascetur,The montes nascetur Fund
958,morbi,The morbi Fund
959,in,The in Fund
960,nisl nunc,The nisl nunc Fund
961,tempor turpis,The tempor turpis Fund
962,cursus id,The cursus id Fund
963,maecenas,The maecenas Fund
964,sit amet,The sit amet Fund
965,ullamcorper augue,The ullamcorper augue Fund
966,porttitor id,The porttitor id Fund
967,justo morbi,The justo morbi Fund
968,non mi,The non mi Fund
969,mattis,The mattis Fund
970,sed,The sed Fund
971,odio,The odio Fund
972,mauris vulputate,The mauris vulputate Fund
973,justo,The justo Fund
974,natoque,The natoque Fund
975,lectus,The lectus Fund
976,lectus,The lectus Fund
977,tristique,The tristique Fund
978,ut,The ut Fund
979,neque,The neque Fund
980,aliquam,The aliquam Fund
981,augue vel,The augue vel Fund
982,nunc donec,The nunc donec Fund
983,mauris viverra,The mauris viverra Fund
984,lobortis,The lobortis Fund
985,lectus,The lectus Fund
986,amet consectetuer,The amet consectetuer Fund
987,in,The in Fund
988,pede,The pede Fund
989,sed,The sed Fund
990,praesent,The praesent Fund
991,eu,The eu Fund
992,aliquam quis,The aliquam quis Fund
993,risus praesent,The risus praesent Fund
994,sit,The sit Fund
995,vel,The vel Fund
996,suspendisse potenti,The suspendisse potenti Fund
997,cursus urna,The cursus urna Fund
998,vulputate ut,The vulputate ut Fund
999,tortor risus,The tortor risus Fund
1000,blandit,The blandit Fund
